{
  "internal_calibration": {
    "axis_min": {
      "0": -0.99658203125,
      "1": -0.999481201171875,
      "2": -0.99951171875,
      "3": -0.999481201171875
    },
    "axis_max": {
      "0": 0.99566650390625,
      "1": 1.0,
      "2": 0.9967041015625,
      "3": 1.0
    },
    "axis_center": {
      "0": -0.000457763671875,
      "1": 0.0002593994140625,
      "2": -0.00140380859375,
      "3": 0.0002593994140625
    },
    "dead_zone": 0.05
  },
  "timestamp": 1758236113.3309774
}